[
  { "_id": "Bklxbckhy5EL", "name": "A. A. Milne", "quoteCount": 1 },
  { "_id": "URC23TSCF9mS", "name": "A. Powell Davies", "quoteCount": 1 },
  { "_id": "1jVq35e_unPn", "name": "Abraham Lincoln", "quoteCount": 6 },
  { "_id": "hE5--fjWH8g1", "name": "African proverb", "quoteCount": 1 },
  { "_id": "KCCkOqH3Tyox", "name": "Alan Cohen", "quoteCount": 1 },
  { "_id": "khe5MDkFn8BO", "name": "Albert Camus", "quoteCount": 1 },
  { "_id": "4l5cJjYdtvoU", "name": "Albert Einstein", "quoteCount": 7 },
  { "_id": "DwCRDw-fBNQT", "name": "Albert Schweitzer", "quoteCount": 3 },
  { "_id": "3yFvdum681Xl", "name": "Aldous Huxley", "quoteCount": 2 },
  { "_id": "gqHfss8xRFho", "name": "Alfred Sheinwold", "quoteCount": 1 },
  { "_id": "Ut70_rnQwNc0", "name": "American proverb", "quoteCount": 1 },
  { "_id": "OtFSS3uf0eVK", "name": "Anais Nin", "quoteCount": 3 },
  { "_id": "HPYBV4mHwLxm", "name": "Anatole France", "quoteCount": 1 },
  { "_id": "gGm0YbDMpHok", "name": "Andy Warhol", "quoteCount": 1 },
  { "_id": "_dIK8j-7MZiD", "name": "Anne Bronte", "quoteCount": 1 },
  { "_id": "lVEQE5zVZEcn", "name": "Anne Frank", "quoteCount": 1 },
  { "_id": "L_bILSMpwqcq", "name": "Anne Schaef", "quoteCount": 1 },
  { "_id": "0J8N0ILfMG5v", "name": "Anne Wilson Schaef", "quoteCount": 1 },
  { "_id": "_yPx9aW5iFS2", "name": "Annie Dillard", "quoteCount": 1 },
  { "_id": "byncNuR2KNAM", "name": "Anthony Robbins", "quoteCount": 1 },
  {
    "_id": "7gX2BtZ4k-8T",
    "name": "Antoine de Saint-Exupery",
    "quoteCount": 1
  },
  { "_id": "Jp9ti7_AL7cr", "name": "Aristotle", "quoteCount": 3 },
  { "_id": "IWUsji02C5GN", "name": "Arthur Conan Doyle", "quoteCount": 1 },
  { "_id": "6eyGRhxEgMFG", "name": "Arthur Rubinstein", "quoteCount": 1 },
  { "_id": "CZ5NNLm6bQ6S", "name": "Arthur Schopenhauer", "quoteCount": 1 },
  { "_id": "ofSspe5Ed1xX", "name": "Augustinus Sanctus", "quoteCount": 1 },
  { "_id": "fzavrfbOrkDJ", "name": "Babe Ruth", "quoteCount": 1 },
  { "_id": "yCDhBeoqLSPv", "name": "Baltasar Gracian", "quoteCount": 1 },
  { "_id": "ZZ9xCXaS-fYF", "name": "Barbara Baron", "quoteCount": 1 },
  { "_id": "YSQmA3RewGnR", "name": "Ben Stein", "quoteCount": 1 },
  { "_id": "Bkohj4lG3j2Q", "name": "Benjamin Disraeli", "quoteCount": 4 },
  { "_id": "DZFR1BqJJnqx", "name": "Benjamin Franklin", "quoteCount": 3 },
  { "_id": "2DcnQY52aqTV", "name": "Benjamin Spock", "quoteCount": 1 },
  { "_id": "7lPzKYsbJFm4", "name": "Bernadette Devlin", "quoteCount": 1 },
  { "_id": "5TGPiANwITkM", "name": "Bernard Shaw", "quoteCount": 2 },
  { "_id": "ztmyjaHqvfKx", "name": "Blaise Pascal", "quoteCount": 2 },
  { "_id": "847sKajaGcWp", "name": "Bo Jackson", "quoteCount": 1 },
  { "_id": "69HFOt6yQqcM", "name": "Bodhidharma", "quoteCount": 1 },
  { "_id": "PhmrAlnBtm3Q", "name": "Brian Tracy", "quoteCount": 2 },
  { "_id": "HsvVW9dphK-W", "name": "Bruce Lee", "quoteCount": 5 },
  { "_id": "yXQOkY9qndtQ", "name": "Buckminster Fuller", "quoteCount": 1 },
  { "_id": "x0Lc5KMtD7et", "name": "Buddha", "quoteCount": 20 },
  { "_id": "lpFflDY4f0G7", "name": "Byron Pulsifer", "quoteCount": 14 },
  { "_id": "-I1tAq_eYVZw", "name": "Calvin Coolidge", "quoteCount": 1 },
  { "_id": "d7WCEcZM8iu7", "name": "Carl Jung", "quoteCount": 1 },
  { "_id": "-eS2iFtxXJFk", "name": "Carl Sandburg", "quoteCount": 1 },
  { "_id": "BO_sCq0oV6LK", "name": "Carlyle", "quoteCount": 1 },
  { "_id": "2Gi6aN2YYTSy", "name": "Charles Darwin", "quoteCount": 1 },
  { "_id": "X-yiUV76HHXQ", "name": "Charles Dickens", "quoteCount": 1 },
  { "_id": "gILlrf49oO29", "name": "Charles Kettering", "quoteCount": 1 },
  { "_id": "Xgc5e2cdKPh4", "name": "Charles Schwab", "quoteCount": 1 },
  { "_id": "UTNzVPkhKdz2", "name": "Charlotte Bronte", "quoteCount": 1 },
  { "_id": "X689uREI3t4I", "name": "Charlotte Gilman", "quoteCount": 1 },
  { "_id": "0y2UUzFhiPQw", "name": "Chinese proverb", "quoteCount": 3 },
  { "_id": "fINy8wb68HUV", "name": "Christopher Reeve", "quoteCount": 1 },
  { "_id": "DuXdRlE4Hptg", "name": "Confucius", "quoteCount": 14 },
  { "_id": "EES3XprdKeMB", "name": "Cullen Hightower", "quoteCount": 1 },
  { "_id": "FZPG-yDbq11u", "name": "Dalai Lama", "quoteCount": 9 },
  { "_id": "JVNSG6uNqQ8F", "name": "Dave Weinbaum", "quoteCount": 1 },
  { "_id": "8iNMkYsp0IRJ", "name": "Dennis Kimbro", "quoteCount": 1 },
  { "_id": "GACA3RxIt1Lc", "name": "Desiderius Erasmus", "quoteCount": 1 },
  { "_id": "CdE7XEqBmnzi", "name": "Donald Kircher", "quoteCount": 1 },
  { "_id": "dBi_hXiBS7oF", "name": "Donald Trump", "quoteCount": 2 },
  { "_id": "JwpyI54JgBZ9", "name": "Dr. Seuss", "quoteCount": 1 },
  { "_id": "hx3L0zmPi_k-", "name": "Eckhart Tolle", "quoteCount": 2 },
  { "_id": "ZfAeVZk9nGVs", "name": "Eden Phillpotts", "quoteCount": 1 },
  { "_id": "RdiUD4W2XnVE", "name": "Edward Gibbon", "quoteCount": 1 },
  { "_id": "AhtCpuUC9lc-", "name": "Edwin Chapin", "quoteCount": 1 },
  { "_id": "ze15WYZwRRkE", "name": "Elbert Hubbard", "quoteCount": 3 },
  { "_id": "V1m3UbFSgpfI", "name": "Eleanor Roosevelt", "quoteCount": 5 },
  { "_id": "MLB2-kipNq2h", "name": "Elizabeth Browning", "quoteCount": 2 },
  { "_id": "cpP3c1zbcDHX", "name": "Ella Williams", "quoteCount": 1 },
  { "_id": "Z_XPTucMS7dz", "name": "Ellen Gilchrist", "quoteCount": 1 },
  { "_id": "emmNzvD__S5h", "name": "Epictetus", "quoteCount": 6 },
  { "_id": "EA_MWKC4jAbe", "name": "Everett Dirksen", "quoteCount": 1 },
  { "_id": "LJTG5OOShpbU", "name": "Flora Whittemore", "quoteCount": 1 },
  { "_id": "VWMiXZ6bXnKV", "name": "Francis Bacon", "quoteCount": 1 },
  { "_id": "2w_b-7vncKsu", "name": "Frank Crane", "quoteCount": 1 },
  { "_id": "RU9-ePuZu9ig", "name": "Frank Herbert", "quoteCount": 1 },
  { "_id": "nKvGHxhTyQax", "name": "Franklin Roosevelt", "quoteCount": 1 },
  { "_id": "ErterYDKeNdp", "name": "Frederick Douglass", "quoteCount": 1 },
  { "_id": "3-zgyK9xsylm", "name": "Friedrich von Schiller", "quoteCount": 1 },
  {
    "_id": "CbNnpaxg8qAx",
    "name": "General Douglas MacArthur",
    "quoteCount": 1
  },
  { "_id": "xdUMRxx4qdTJ", "name": "Georg Lichtenberg", "quoteCount": 1 },
  { "_id": "r900kTBUxaSD", "name": "George Patton", "quoteCount": 1 },
  { "_id": "2O5Rr5jlP7WU", "name": "George Sheehan", "quoteCount": 1 },
  { "_id": "Lzrnr005wk-X", "name": "German proverb", "quoteCount": 2 },
  { "_id": "vt9SIAez_DbH", "name": "Gloria Steinem", "quoteCount": 2 },
  { "_id": "1jtmpgkJJzPd", "name": "Gustave Flaubert", "quoteCount": 1 },
  { "_id": "A3qKnzkMXbFd", "name": "H. Jackson Browne", "quoteCount": 1 },
  { "_id": "p7jFMKDFQCeB", "name": "H. W. Arnold", "quoteCount": 1 },
  { "_id": "TGNhUw_hJO0N", "name": "Haddon Robinson", "quoteCount": 1 },
  { "_id": "fejoCx53eZ63", "name": "Hannah Arendt", "quoteCount": 1 },
  { "_id": "mQ4PW74eDIIa", "name": "Hannah More", "quoteCount": 1 },
  { "_id": "4N73Ek2rucOQ", "name": "Harriet Beecher Stowe", "quoteCount": 1 },
  { "_id": "gTThOagQ9LBy", "name": "Havelock Ellis", "quoteCount": 1 },
  { "_id": "5qQbH7JaR9nX", "name": "Haynes Bayly", "quoteCount": 1 },
  { "_id": "1M0HdBtNFji9", "name": "Helen Keller", "quoteCount": 2 },
  { "_id": "eUCEFk6DKhcK", "name": "Henri-Frederic Amiel", "quoteCount": 1 },
  { "_id": "NYjBasxyht6b", "name": "Henry David Thoreau", "quoteCount": 1 },
  { "_id": "7MXyM2B2dqEv", "name": "Henry Ford", "quoteCount": 1 },
  { "_id": "B3dzat2fitp1", "name": "Henry J. Kaiser", "quoteCount": 1 },
  { "_id": "jQBXpZm5gFxh", "name": "Henry Miller", "quoteCount": 1 },
  { "_id": "rlylSbyIVUKB", "name": "Henry Moore", "quoteCount": 1 },
  { "_id": "OFm2D9pBrYuG", "name": "Henry Van Dyke", "quoteCount": 1 },
  { "_id": "hn7Yox5T4Rz7", "name": "Honore de Balzac", "quoteCount": 2 },
  { "_id": "5ehYPCMzsbKv", "name": "Horace", "quoteCount": 1 },
  { "_id": "DXLhYh9XWrxQ", "name": "Horace Friess", "quoteCount": 1 },
  { "_id": "zzn1ajFpN16N", "name": "Hugh Miller", "quoteCount": 1 },
  { "_id": "oh0qZKrKhGhF", "name": "Immanuel Kant", "quoteCount": 2 },
  { "_id": "9ixOr0rIVfDv", "name": "Indira Gandhi", "quoteCount": 1 },
  { "_id": "s0Dzt37iQ7Rd", "name": "Iris Murdoch", "quoteCount": 1 },
  { "_id": "ElE7BtI625fX", "name": "Isaac Asimov", "quoteCount": 1 },
  { "_id": "6mH16A2Du62J", "name": "J. Willard Marriott", "quoteCount": 1 },
  { "_id": "IXRERtBxsV8p", "name": "Jacob Braude", "quoteCount": 1 },
  { "_id": "ksSHh3_z0vuw", "name": "James Barrie", "quoteCount": 1 },
  { "_id": "IbsHItce_oPM", "name": "James Freeman Clarke", "quoteCount": 1 },
  { "_id": "SViFssYWvsgz", "name": "James Lowell", "quoteCount": 1 },
  { "_id": "_D0RHi8bYRC3", "name": "Jane Addams", "quoteCount": 1 },
  { "_id": "rFHnsPGPM4Fn", "name": "Janis Joplin", "quoteCount": 1 },
  { "_id": "GM1acq5Js2jE", "name": "Jason Fried", "quoteCount": 1 },
  { "_id": "Od6EbMEYq5es", "name": "Jean de la Fontaine", "quoteCount": 1 },
  { "_id": "wcGFmnlsmF3l", "name": "Jessamyn West", "quoteCount": 1 },
  { "_id": "YMHLYEthq9ul", "name": "Jim Beggs", "quoteCount": 1 },
  { "_id": "_6LpIeNAJNcT", "name": "Jim Rohn", "quoteCount": 1 },
  {
    "_id": "0Trc28aC3ZS7",
    "name": "Johann Wolfgang von Goethe",
    "quoteCount": 10
  },
  { "_id": "7kIF5-9uNBT_", "name": "John Adams", "quoteCount": 1 },
  { "_id": "dYTiDXLgz8SY", "name": "John Astin", "quoteCount": 1 },
  { "_id": "ZAaVKKyvtrfi", "name": "John Berry", "quoteCount": 1 },
  { "_id": "X7OD3L4aOcRN", "name": "John De Paola", "quoteCount": 1 },
  { "_id": "W8c_1R6GdyXV", "name": "John Dryden", "quoteCount": 1 },
  { "_id": "H-APJbG3NYXE", "name": "John Eliot", "quoteCount": 1 },
  { "_id": "LKRYU3Kc4lWa", "name": "John Lennon", "quoteCount": 4 },
  { "_id": "sdmfoZCbn-rK", "name": "John Pierrakos", "quoteCount": 1 },
  { "_id": "4FSfjyBg3_V5", "name": "John Quincy Adams", "quoteCount": 1 },
  { "_id": "66cnRagdC8eH", "name": "John Ruskin", "quoteCount": 1 },
  { "_id": "c7sN0QRLmYhd", "name": "John Wooden", "quoteCount": 2 },
  { "_id": "a8Dryq05-J2a", "name": "Jon Kabat-Zinn", "quoteCount": 1 },
  { "_id": "ag2Oh0kusjet", "name": "Jonas Salk", "quoteCount": 1 },
  { "_id": "sN1FboQU9OiV", "name": "Jonathan Kozol", "quoteCount": 1 },
  { "_id": "HsvQmgdJ5dod", "name": "Joseph Stalin", "quoteCount": 1 },
  { "_id": "pll1ZrWBKqim", "name": "Julius Charles Hare", "quoteCount": 1 },
  { "_id": "_cDm8mU1vSVY", "name": "Kahlil Gibran", "quoteCount": 1 },
  { "_id": "VsekLew81_wM", "name": "Karen Clark", "quoteCount": 1 },
  { "_id": "0pau_RRl3qub", "name": "Kathleen Norris", "quoteCount": 1 },
  { "_id": "huTrY8oQz9kx", "name": "Ken S. Keyes", "quoteCount": 1 },
  { "_id": "a_gegNvsr5-n", "name": "Kenneth Patton", "quoteCount": 1 },
  { "_id": "QmHztnGbxPIH", "name": "Lao Tzu", "quoteCount": 13 },
  { "_id": "OSas6_tTEMri", "name": "Laozi", "quoteCount": 1 },
  { "_id": "NYZmcd_y6xef", "name": "Larry Elder", "quoteCount": 1 },
  { "_id": "FQ1aAoOt52R-", "name": "Lauren Bacall", "quoteCount": 1 },
  { "_id": "38JZDDluCbFe", "name": "Lawrence Peter", "quoteCount": 1 },
  { "_id": "JI_k_HxFdJeU", "name": "Leo F. Buscaglia", "quoteCount": 1 },
  { "_id": "rQsxuQuPrroF", "name": "Leo Tolstoy", "quoteCount": 2 },
  { "_id": "wx6pP0hr4S8n", "name": "Leon Blum", "quoteCount": 1 },
  { "_id": "0eaFq-0hGPxP", "name": "Leonardo Ruiz", "quoteCount": 1 },
  { "_id": "X8wGMGzcHNpT", "name": "Leonardo da Vinci", "quoteCount": 4 },
  { "_id": "60XJUpqeBNZ-", "name": "Les Brown", "quoteCount": 1 },
  { "_id": "UN0SbmOM4o1q", "name": "Lewis B. Smedes", "quoteCount": 1 },
  { "_id": "RculzBklKmbI", "name": "Liberace", "quoteCount": 1 },
  { "_id": "fv9imaLxGJPW", "name": "Lily Tomlin", "quoteCount": 1 },
  { "_id": "HRDOvij10Z47", "name": "Lin-yutang", "quoteCount": 1 },
  { "_id": "u8X0mWtu7zyp", "name": "Lloyd Jones", "quoteCount": 1 },
  { "_id": "s3OVey_KwQ7k", "name": "Lord Herbert", "quoteCount": 1 },
  { "_id": "5HiA8GD_674D", "name": "Lou Holtz", "quoteCount": 1 },
  { "_id": "tGZOGUqt5jkP", "name": "Louis Pasteur", "quoteCount": 1 },
  { "_id": "cUSovvvSgDxm", "name": "Louisa Alcott", "quoteCount": 1 },
  { "_id": "Y7u1MJVVTsnE", "name": "Louise Hay", "quoteCount": 1 },
  { "_id": "88QDX-YoIIGv", "name": "Luisa Sigea", "quoteCount": 1 },
  { "_id": "Q75kJWaU_UzK", "name": "M. Scott Peck", "quoteCount": 1 },
  { "_id": "ADobAH05_g8t", "name": "Madame de Stael", "quoteCount": 1 },
  { "_id": "D3ASwh_UBupg", "name": "Mahatma Gandhi", "quoteCount": 2 },
  { "_id": "dq6a86F-yC12", "name": "Man Ray", "quoteCount": 1 },
  { "_id": "GtDZp3hjXujw", "name": "Manuel Puig", "quoteCount": 1 },
  { "_id": "M0vxJPeaOkQ8", "name": "Marcel Proust", "quoteCount": 1 },
  { "_id": "s5TcliejeOhv", "name": "Marcus Aurelius", "quoteCount": 3 },
  { "_id": "tAobZWyiVAB7", "name": "Margaret Runbeck", "quoteCount": 1 },
  { "_id": "vQCpM9HMSwYf", "name": "Margaret Sangster", "quoteCount": 1 },
  { "_id": "kj4E1U7xsHJH", "name": "Marian Edelman", "quoteCount": 1 },
  { "_id": "7FDvPRjZnFWO", "name": "Marie Curie", "quoteCount": 2 },
  { "_id": "AbtQnVNAhnT0", "name": "Mark Twain", "quoteCount": 1 },
  { "_id": "HzxzT3LnXBTd", "name": "Marquis Vauvenargues", "quoteCount": 1 },
  { "_id": "HWczJOKyXYeo", "name": "Martin Fischer", "quoteCount": 1 },
  { "_id": "Rq9jsllfBqVm", "name": "Mary Bethune", "quoteCount": 1 },
  { "_id": "PPKHFqrlEX48", "name": "Mary Kay Ash", "quoteCount": 1 },
  { "_id": "KTmVLvp2RcQI", "name": "Maureen Dowd", "quoteCount": 1 },
  { "_id": "LefhKzB0pIKC", "name": "Maya Angelou", "quoteCount": 2 },
  { "_id": "pUB5SCTRJDtU", "name": "Maya Lin", "quoteCount": 1 },
  { "_id": "yKv6ZsQHG1yJ", "name": "Michael Korda", "quoteCount": 1 },
  { "_id": "wW3pqyRGl3bR", "name": "Michelangelo", "quoteCount": 2 },
  { "_id": "lVEx7E97y_SJ", "name": "Mike Ditka", "quoteCount": 1 },
  { "_id": "_yvFMx1Ij-AL", "name": "Morris West", "quoteCount": 1 },
  { "_id": "81jHtJXRTDCE", "name": "Mother Teresa", "quoteCount": 1 },
  { "_id": "beytBQiaZWiZ", "name": "Murray Gell-Mann", "quoteCount": 1 },
  { "_id": "c5aH_vFJuMVc", "name": "Naguib Mahfouz", "quoteCount": 1 },
  { "_id": "bhLhn_BKGN0Z", "name": "Napoleon Bonaparte", "quoteCount": 3 },
  { "_id": "aVEvYL2vElzl", "name": "Napoleon Hill", "quoteCount": 14 },
  { "_id": "gadcWPLuTmsP", "name": "Nelson Mandela", "quoteCount": 1 },
  { "_id": "H8VEMVuOw5w4", "name": "Niels Bohr", "quoteCount": 1 },
  { "_id": "ovWXnnBEzxit", "name": "Nikos Kazantzakis", "quoteCount": 1 },
  { "_id": "ikmvIcjaNBMg", "name": "Og Mandino", "quoteCount": 3 },
  { "_id": "VhtM1E2sPk8A", "name": "Oliver Holmes", "quoteCount": 1 },
  { "_id": "nkmL1jTKjpR4", "name": "Oprah Winfrey", "quoteCount": 3 },
  { "_id": "kN1-qdt31cKr", "name": "Oscar Wilde", "quoteCount": 2 },
  { "_id": "vJWLh96GrpNF", "name": "Ovid", "quoteCount": 3 },
  { "_id": "VQeRt02aJ6SI", "name": "Pablo Picasso", "quoteCount": 2 },
  { "_id": "mUDVl76SLLHC", "name": "Paulo Coelho", "quoteCount": 1 },
  { "_id": "QcTGz7fcFJtN", "name": "Pearl Buck", "quoteCount": 2 },
  { "_id": "4APkQcbYkSL-", "name": "Pema Chodron", "quoteCount": 1 },
  { "_id": "TeBX_bcz5sRi", "name": "Pericles", "quoteCount": 1 },
  { "_id": "UCrX8DUYHz8Q", "name": "Peter Drucker", "quoteCount": 1 },
  { "_id": "M5Zw5dkdxqPh", "name": "Plato", "quoteCount": 2 },
  { "_id": "zhQJZjRhQWJH", "name": "Plutarch", "quoteCount": 1 },
  { "_id": "CKHStg6HgCcF", "name": "Princess Diana", "quoteCount": 1 },
  { "_id": "cYOIbtJr3odA", "name": "Publilius Syrus", "quoteCount": 4 },
  { "_id": "X012DjhscXes", "name": "Ralph Emerson", "quoteCount": 10 },
  { "_id": "6m2euBGNsS7P", "name": "Ralph Waldo Emerson", "quoteCount": 2 },
  { "_id": "RiAOET1DtMlL", "name": "Richard Bach", "quoteCount": 9 },
  { "_id": "Ku_6O_R2VjqT", "name": "Richard Evans", "quoteCount": 1 },
  { "_id": "XF3ZKvSFJ395", "name": "Robert Anthony", "quoteCount": 1 },
  { "_id": "VxZx2B916pLN", "name": "Robert Frost", "quoteCount": 1 },
  { "_id": "DJajrrpcVNbx", "name": "Robert Fulghum", "quoteCount": 1 },
  { "_id": "wbr8fddDzgyO", "name": "Robert Heller", "quoteCount": 1 },
  { "_id": "bAwPnfJGFjKZ", "name": "Robert Lynd", "quoteCount": 1 },
  { "_id": "oAuK6sfe2qnx", "name": "Robert McKain", "quoteCount": 1 },
  { "_id": "YHnUYO31sl2N", "name": "Robert Stevenson", "quoteCount": 2 },
  { "_id": "X3L9x_3LjyR6", "name": "Rumi", "quoteCount": 1 },
  { "_id": "5nh_rwy7SDs3", "name": "Sai Baba", "quoteCount": 1 },
  { "_id": "3nN6HjBx2etx", "name": "Saint Augustine", "quoteCount": 1 },
  { "_id": "sNkgypC4xIgf", "name": "Sam Keen", "quoteCount": 1 },
  { "_id": "a3psDzXaIA8U", "name": "Seneca", "quoteCount": 6 },
  { "_id": "g9qpk2c4BZbs", "name": "Sigmund Freud", "quoteCount": 2 },
  { "_id": "CYlX3SPf8YrL", "name": "Socrates", "quoteCount": 2 },
  { "_id": "xEb-sLpVyp5J", "name": "Sogyal Rinpoche", "quoteCount": 1 },
  { "_id": "6FaGQMKp6ZEy", "name": "Sojourner Truth", "quoteCount": 1 },
  { "_id": "ECDOp_-dlkS5", "name": "Sophocles", "quoteCount": 3 },
  { "_id": "zgK0NxX-hOUf", "name": "Sri Chinmoy", "quoteCount": 1 },
  { "_id": "zJ7SVLHlASn4", "name": "St. Augustine", "quoteCount": 1 },
  { "_id": "SljpOyUW4rwo", "name": "Sue Patton Thoele", "quoteCount": 1 },
  { "_id": "Mivd7051xR8e", "name": "Sun Tzu", "quoteCount": 1 },
  { "_id": "k9fgR09Qsppx", "name": "Sylvia Voirol", "quoteCount": 1 },
  { "_id": "DEvpGMLOy0q1", "name": "Theophrastus", "quoteCount": 1 },
  { "_id": "oup3oDncMUQC", "name": "Thich Nhat Hanh", "quoteCount": 4 },
  { "_id": "rocarEi3ed_w", "name": "Thomas Carlyle", "quoteCount": 1 },
  { "_id": "6InAQvLgp_jh", "name": "Thomas Dewar", "quoteCount": 1 },
  { "_id": "4_p7I2LyRxjT", "name": "Thomas Edison", "quoteCount": 3 },
  { "_id": "wqth9a5SANL4", "name": "Thomas Fuller", "quoteCount": 1 },
  { "_id": "W4K_V6JmS2pq", "name": "Thomas Hardy", "quoteCount": 1 },
  { "_id": "CAC2Tc96r894", "name": "Thomas Jefferson", "quoteCount": 3 },
  { "_id": "I9A9AFVSA5ic", "name": "Tom Lehrer", "quoteCount": 1 },
  { "_id": "P0EYlu7N3luX", "name": "Toni Morrison", "quoteCount": 1 },
  { "_id": "Jb0BAHiLfV_V", "name": "Tony Robbins", "quoteCount": 3 },
  { "_id": "6g7ZEaTWlBpN", "name": "Turkish proverb", "quoteCount": 1 },
  { "_id": "0vbt2ReZGraA", "name": "Usman Asif", "quoteCount": 1 },
  { "_id": "Vut67wK25_Sz", "name": "V. Naipaul", "quoteCount": 1 },
  { "_id": "8Ccsuid0QyqN", "name": "Victor Hugo", "quoteCount": 1 },
  { "_id": "jKuulMVmwXLK", "name": "Vince Lombardi", "quoteCount": 1 },
  { "_id": "7eLTVsd2XJW0", "name": "Virgil", "quoteCount": 1 },
  { "_id": "6Q7mdql32TEK", "name": "Vista Kelly", "quoteCount": 1 },
  { "_id": "GBdcGpgbeHpx", "name": "Voltaire", "quoteCount": 3 },
  { "_id": "kzuHoUYRt591", "name": "W. Clement Stone", "quoteCount": 1 },
  { "_id": "DTvnDNumPd1b", "name": "Walt Disney", "quoteCount": 1 },
  { "_id": "0gR0K7WhANLo", "name": "Walt Emerson", "quoteCount": 1 },
  { "_id": "sfBz7_hzeqWC", "name": "Walter Lippmann", "quoteCount": 1 },
  { "_id": "cIfgT6dr81lz", "name": "Washington Irving", "quoteCount": 1 },
  { "_id": "wCL1o8Bc_1KQ", "name": "Wayne Dyer", "quoteCount": 9 },
  { "_id": "bfwUxxSHWq6-", "name": "Willa Cather", "quoteCount": 1 },
  { "_id": "aiA5jGB8nmQp", "name": "William Arthur Ward", "quoteCount": 1 },
  { "_id": "tS3qf7ExkHsx", "name": "William Penn", "quoteCount": 1 },
  { "_id": "gbEhKJFuOSZN", "name": "William R. Inge", "quoteCount": 1 },
  { "_id": "kfnXgbVT-DtE", "name": "William Saroyan", "quoteCount": 1 },
  { "_id": "FIiEtzPLTwZk", "name": "William Shakespeare", "quoteCount": 6 },
  { "_id": "AtrUSaZRWtrp", "name": "William Yeats", "quoteCount": 1 },
  { "_id": "UT7iB1vgq-3n", "name": "Winston Churchill", "quoteCount": 3 },
  { "_id": "iCX5rBt2NwCN", "name": "Wit", "quoteCount": 1 },
  { "_id": "EytoOx7cPDlI", "name": "Yoda", "quoteCount": 1 },
  { "_id": "hmqWVhS3Fcxl", "name": "Yogi Berra", "quoteCount": 3 }
]
