[
  {
    "_id": "lmOF86Cv",
    "name": "famous-quotes"
  },
  {
    "_id": "7HjmNmOIE",
    "name": "life"
  },
  {
    "_id": "ZY0PgehL1",
    "name": "friendship"
  },
  {
    "_id": "rYJgbbjOK",
    "name": "science"
  },
  {
    "_id": "ZBOfkMBWc",
    "name": "technology"
  },
  {
    "_id": "M97I8NOsF",
    "name": "inspirational"
  },
  {
    "_id": "PnbpDlRlC",
    "name": "motivational"
  },
  {
    "_id": "637eDKoGB",
    "name": "literature"
  },
  {
    "_id": "fqgdQmYNk",
    "name": "art"
  },
  {
    "_id": "BPCApygPx",
    "name": "business"
  },
  {
    "_id": "CkRvna8Tz",
    "name": "love"
  },
  {
    "_id": "AK9UKVnIm",
    "name": "success"
  },
  {
    "_id": "GADjjdrcd",
    "name": "religion"
  },
  {
    "_id": "8mV7Dhqt3",
    "name": "social-justice"
  }
]
